title,lead,body,headline,alternative_headline,description,keywords,article_section,in_language,canonical_url,publisher_name,date_published,date_accessed,sources,credit,article_id,title_words,lead_words,body_words,text_words_total
Les entreprises suisses à la conquête du marché irakien | RTS,"Après des décennies de guerre, l’Irak attire à nouveau les investisseurs étrangers, 64 milliards de dollars ont été injectés en moins de deux ans. Ce regain d’intérêt s’inscrit dans une stratégie de diversification économique, alors que le pays reste dépendant à 95% de ses revenus pétroliers. Un an après l’ouverture de l’ambassade suisse à Bagdad, les entreprises helvétiques commencent à explorer les opportunités du marché irakien.","Au moins 25 sociétés suisses opèrent sur le marché irakien. Il s’agit principalement de multinationales ou de grandes sociétés opérant dans les secteurs pharmaceutiques, des infrastructures électriques, de l’agroalimentaire et des biens de consommation. Cette dynamique s’est accélérée depuis la réouverture de l’ambassade suisse à Bagdad, il y a un an, après 33 ans d’absence. Depuis sa nomination, l’ambassadeur Daniel Hunn s’attèle à renforcer les relations économiques entre les deux pays. ""Le pays est devenu beaucoup plus stable qu’il ne l’était par le passé. L’initiative de diversification économique est une excellente opportunité pour les entreprises suisses désireuses de s’implanter sur le marché"", explique-t-il jeudi dans La Matinale. Le made in Switzerland séduit les Irakiens Les besoins en investissements en Irak se chiffrent à près de 450 milliards de dollars. Un potentiel que Rasha Oudeh, femme d’affaires chevronnée d’origine jordanienne installée à Zurich, entend bien exploiter. Active depuis 18 ans dans le secteur pharmaceutique irakien, elle vient de fonder la Swiss Iraqi Business Association, une plateforme destinée à faciliter les échanges entre entreprises suisses et irakiennes. ""Créer des connexions entre l’Irak et la Suisse, pas uniquement avec les grands groupes, mais aussi avec les PME, est essentiel"", souligne-t-elle. ""L’Irak dispose chaque année d’environ 150 milliards de revenus pétroliers. Les ressources sont là, mais le pays a besoin de partenaires pour se reconstruire et moderniser son secteur privé"", ajoute-t-elle. Selon elle, la Suisse bénéficie d’une image forte auprès des Irakiens: ""Pour eux, la Suisse, c’est la qualité, l’égalité, la tranquillité. Ils respectent tout ce qui vient de Suisse."" Appel aux banques suisses pour moderniser l’Irak Mohammed al Najar, PDG du Fonds irakien pour le développement et conseiller du Premier ministre en matière d’investissements, insiste sur l’importance de la qualité et du transfert de compétences dans les partenariats économiques. Selon lui, la législation irakienne privilégie les offres qui apportent les meilleures conditions au pays — et non simplement les prix les plus bas. ""Par exemple: formation, transfert de savoir-faire, les garanties, tout cela… et les Suisses sont les meilleurs dans ce domaine"", affirme-t-il. Il souhaite également renforcer la coopération bancaire: ""Je vais parler à plusieurs banquiers pour essayer de convaincre les banques suisses de venir ici afin qu’elles nous aident à faire un système bancaire irakien basé sur le savoir-faire suisse"". Un marché prometteur, mais fragile. Malgré la stabilité relative de l’Irak, l’ambassadeur suisse Daniel Hunn souligne que les tensions régionales, comme le conflit entre Israël et l’Iran, freinent la volonté des entreprises étrangères de s’implanter dans le pays. ""Cette instabilité dans la région est très mauvaise pour un pays qui est en train justement de se développer économiquement et de construire un cadre économique qui est intéressant pour les investisseurs étrangers"", explique-t-il. A ces incertitudes géopolitiques s’ajoutent les ingérences extérieures, l’instabilité politique, la corruption ainsi que de difficiles réformes institutionnelles. Autant de freins à la confiance des investisseurs, pourtant cruciale pour la reconstruction de l’Irak.",Les entreprises suisses à la conquête du marché irakien,Economie: Les entreprises suisses à la conquête du marché irakien,"Après des décennies de guerre, l’Irak attire à nouveau les investisseurs étrangers, 64 milliards de dollars ont été injectés en moins de deux ans. Ce regain d’intérêt s’inscrit dans une stratégie de diversification économique, alors que le pays reste dépendant à 95% de ses revenus pétroliers. Un an après l’ouverture de l’ambassade suisse à Bagdad, les entreprises helvétiques commencent à explorer les opportunités du marché irakien.","['ambassade', 'banque', 'Economie', 'entreprise', 'Économie', 'économie', 'Économie et finances', 'étranger', 'guerre', 'investissement', 'Investissements', 'Irak', 'Macro-économie', 'Monde', 'Suisse']",Info,fr,https://www.rts.ch/info/economie/2025/article/entreprises-suisses-en-irak-opportunites-et-defis-d-un-marche-prometteur-28980688.html,Radio Télévision Suisse,2025-08-28 09:23:01,2026-02-11 21:39:03,['Sujet radio: Anne Sophie Le Mauff'],['Adaptation web: Miroslav Mares'],28980688,11,66,483,560
"Le plus grand risque pour l'Europe en 2026 est la ""révolution politique américaine"" | RTS","La semaine dernière, la société d'analyse politique Eurasia Group a publié son rapport annuel sur les principaux risques politiques les plus susceptibles de se concrétiser au cours de l'année. Selon elle, le plus grand danger pour 2026 concerne la ""révolution politique américaine"" en cours.","Les Etats-Unis démantèlent leur propre ordre mondial, estime l'Eurasia Group, ce qui a un impact majeur sur le reste de la planète, et notamment l'Europe. Les auteurs de l'étude sur les ""top risks"" décrivent même une ""Europe assiégée"". Federico Santopinto, directeur de recherches et responsable du programme Europe à l'Institut de relations internationales et stratégiques (IRIS), partage ce constat et évoque un basculement historique. ""L'Europe est certainement assiégée sur deux fronts. Le front Est, avec la guerre en Ukraine et l'agression de la Russie vis-à-vis d'un pays indépendant, qui compromet aussi la stabilité et la sécurité de l'Europe"", décrit-il dans l'émission Tout un monde de la RTS lundi. ""Elle est assiégée désormais également sur son front Ouest, avec les velléités expansionnistes des Etats-Unis et de Donald Trump, qui veut annexer le Groenland"". >> Lire aussi : L'escalade verbale se poursuit entre l'Europe et les Etats-Unis au sujet du Groenland Progression de l'extrême droite Paul Maurice, secrétaire général du Comité d'étude des relations franco-allemandes à l'Institut français de relations internationales (IFRI), souligne quant à lui que si l'Europe est assiégée ""de manière externe"", elle l'est également ""de manière intérieure"". L'étude d'Eurasia Group pointe en effet la vulnérabilité des trois grandes puissances européennes, la France, l'Allemagne et le Royaume-Uni. Leurs gouvernements sont fragiles, impopulaires et menacés par la progression des partis d'extrême droite, ce qui renforce le climat d'incertitude politique sur le continent. ""Quand on regarde les sondages d'opinion dans ces trois pays, on voit que des partis d'extrême droite - des partis populistes prônant une forme d'illibéralisme - sont en tête dans les sondages et pourraient gagner les prochaines élections"", indique Paul Maurice. Affaiblir l'Union européenne Cette montée du populisme représente une menace, selon les experts, car ces partis sont ouvertement soutenus par la Russie, mais désormais aussi par les Etats-Unis. Le président américain Donald Trump veut appuyer les mouvements patriotiques européens pour renverser les gouvernements en place et affaiblir l'Union européenne, jugée hostile aux intérêts américains. ""Il y a une volonté d'avoir des gouvernements davantage complaisants vis-à-vis du régime en place en Russie ou aux Etats-Unis"", explique Paul Maurice. ""On va donc favoriser ces partis par le biais des réseaux sociaux, de guerres hybrides ou de guerres informationnelles"". Pour Federico Santopinto, l'objectif de Donald Trump est de ""détruire l'Union européenne"". ""Il est plus difficile de négocier avec l'Union européenne qu'avec 27 petits pays divisés"", souligne-t-il, précisant que cette volonté de déstabiliser les régimes démocratiques en Europe apparaît clairement dans la Stratégie nationale de sécurité américaine , parue en décembre 2025. ""Il y est clairement dit que l'Union européenne est un problème, si pas un ennemi à abattre"", ajoute l'expert. >> Lire aussi : Donald Trump anticipe ""l'effacement civilisationnel"" de l'Europe et réajuste sa stratégie de défense internationale Dépendance envers les Etats-Unis Aujourd'hui, les pays européens ont du mal à se positionner face à cette bascule historique. Autrefois garants de leur sécurité, les Etats-Unis menacent désormais les démocraties et les économies européennes. Cela a pu s'observer lors de la guerre commerciale sur les tarifs douaniers, mais également avec le Groenland, territoire danois que revendique Donald Trump. ""L'Europe est complètement tétanisée. Et si elle a réagi de manière molle vis-à-vis des menaces d'annexion de Donald Trump, c'est à cause de la guerre en Ukraine"", estime Federico Santopinto. ""Les Européens ont peur de froisser Donald Trump. Ils savent bien qu'il pourrait remettre en question le vague soutien qu'il continue à fournir aux Ukrainiens"". Cette dépendance européenne à l'égard des Etats-Unis s'observe également sur le plan économique et stratégique. L'Europe dépend d'un allié de plus en plus hostile pour assurer sa sécurité, notamment vis-à-vis de la menace russe. >> Lire aussi : Face au désengagement américain, l'Europe doit ""réfléchir à sa sécurité militaire"", affirme Camille Grand ""Ce qui tétanise les Européens aujourd'hui, c'est que l'on a un Etat fondateur de l'Otan qui menace un autre Etat membre. Il y a donc une transformation de cette Otan en une sorte de Pacte de Varsovie, où une puissance dominante veut régenter et mettre à sa botte les autres Etats"", analyse Paul Maurice. Nouvel ordre mondial Les Européens assistent donc, impuissants, à la disparition de l'ancien ordre mondial, un système en place depuis 80 ans, fondé sur le droit international, les Nations unies, et mis en pièce par les Etats-Unis eux-mêmes, qui en étaient les protecteurs. ""Aujourd'hui, on est clairement dans un monde pré-1940. On revient dans des logiques de puissance arbitraires, un monde fait de loups, défini par les rapports de force, sans règles, sans institutions, sans principes"", se désole Federico Santopinto. ""Et surtout, les actions de Donald Trump et des Etats-Unis déstabilisent le monde structurellement à long terme. Et ça, on en paiera les conséquences progressivement et dans le temps"". Mais l'Europe ne manque pas de ressources, selon Federico Santopinto et Paul Maurice: elle doit défendre son modèle démocratique, son industrie, renforcer le processus d'intégration européenne, pour développer une défense et une politique étrangère commune. Les experts l'appellent donc à s'unir davantage, pour résister aux menaces des grandes puissances.","Le plus grand risque pour l'Europe en 2026 est la ""révolution politique américaine""","Monde: Le plus grand risque pour l'Europe en 2026 est la ""révolution politique américaine""","La semaine dernière, la société d'analyse politique Eurasia Group a publié son rapport annuel sur les principaux risques politiques les plus susceptibles de se concrétiser au cours de l'année. Selon elle, le plus grand danger pour 2026 concerne la ""révolution politique américaine"" en cours.","['Donald Trump', 'Europe', 'expert', 'extrême droite', 'Élections', 'États-Unis', 'étude', 'gouvernement', 'menace', 'Monde', 'parti politique', 'Paul Maurice', 'politique', 'Politique', 'Relations internationales', 'révolution', 'risque', 'sécurité']",Info,fr,https://www.rts.ch/info/monde/2026/article/l-europe-face-a-la-menace-americaine-un-nouvel-ordre-mondial-en-2026-29115321.html,Radio Télévision Suisse,2026-01-13 15:12:26,2026-02-11 21:39:13,['Sujet radio: Malika Nedir'],['Adaptation web: Emilie Délétroz'],29115321,15,44,834,893
Concours Jeux olympiques Milan-Cortina 2026 – Participez et gagnez l’un de nos nombreux prix ! | RTS,,"A gagner Grand prix final Une journée de ski exclusive pour deux personnes avec le champion du Monde Loïc Meillard incluant un équipement complet d’une valeur de 20'000 francs, offert par Ochsner Sport. Autre prix, chaque jour Un week-end en hiver dans les montagnes suisses pour deux personnes d’une valeur de 1’000 francs , offert par Allianz Délai de participation Chaque concours démarre à la diffusion du clip vidéo avant la diffusion. Le délai de participation se termine chaque jour de concours à 22h, sauf le 22 février où il se terminera à 16h. Modes de participation Il suffit de répondre lors de chaque jour de compétition à la question qui sera posée à l’antenne : Téléphone : 0901 44 55 01 ou 0901 44 55 02 selon la réponse choisie (1,20 CHF/appel) Internet : concours.rts.ch/jo (gratuit) Gagnant.e.s et prix 07.02.2026 Week-end: Raphaël Deschenaux, Cottens 08.02.2026 Week-end: Arnold Theres, Staffelbach 09.02.2026 Week-end: Sonja Weber, Cham 10.02.2026 Week-end: Alfred Heis, Mönchaltorf Autres conditions Plusieurs participations par personne sont possibles. Les lots sont attribués par tirage au sort parmi toutes les réponses. Le grand prix final sera tiré au sort à la fin de la saison, parmi toutes les réponses du concours. Les participant.e.s ont les mêmes chances de gain, quel que soit le moyen de participation utilisé. Sont autorisées à participer au concours les personnes âgées de 18 ans minimum, résidantes en Suisse ou dans la Principauté du Liechtenstein. La participation des mineurs nécessite le consentement de leurs représentants légaux. Le nom des gagnants sera publié sur cette même page; chaque gagnant.e sera informé.e et contacté.e personnellement pour la remise de son prix. Pour les prix en nature d'une valeur supérieure à CHF 1000.-, une confirmation du lieu de résidence de la gagnante ou du gagnant est requise avant la remise du prix. Dès que la confirmation de résidence a été reçue, le prix en nature pourra être remis. Le gain doit être déclaré dans la déclaration d'impôt personnelle. Les prix restent la propriété des sponsors jusqu'à leur remise aux gagnant.e.s. Si un.e gagnant.e ne peut pas être contacté.e dans un délai raisonnable, un nouveau tirage au sort sera effectué. Le concours «Jeux Olympiques Milan-Cortina 2026 » est organisé conjointement par la RTS, la RSI et la SRF. Les collaborateurs de la RTS, la RSI, la SRF, les sponsors du concours, ainsi que les membres de leur famille, ne peuvent pas participer à ce concours. Les données personnelles des participant.e.s seront uniquement utilisées par la RTS, la RSI, la SRF et les sponsors, pour contacter les gagnant.e.s du concours. Toutes autres utilisations des données personnelles des participant.e.s sont exclues. La RTS se réserve le droit d'adapter à tout moment les conditions de participation. Tout recours juridique est exclu. La Charte de confidentialité et l’article 8 des Conditions Générales du site RTS.ch s’appliquent à ce concours.",Concours Jeux olympiques Milan-Cortina 2026 – Participez et gagnez l’un de nos nombreux prix !,Articles: Concours Jeux olympiques Milan-Cortina 2026 – Participez et gagnez l’un de nos nombreux prix !,"Du 7 au 22 février 2026, rendez-vous sur la RTS et tentez votre chance !","['Articles', 'données personnelles', ""Jeux olympiques d'hiver de 2026"", 'Loïc Meillard', 'médias de masse', 'nature', 'Radio télévision suisse', 'Radiotelevisione svizzera di lingua italiana', 'Schweizer Radio und Fernsehen', 'Sport']",,fr,https://www.rts.ch/articles/2026/article/concours-jo-milan-cortina-2026-29123091.html,Radio Télévision Suisse,2026-01-29 09:30:57,2026-02-11 21:39:14,[],[],29123091,17,0,474,491
"Les Etats-Unis ""veulent détruire l'Union européenne"" | RTS","La volonté de Donald Trump d’acquérir le Groenland - assortie de chantage et de menaces - semble avoir été la goutte qui a fait déborder le vase: l’Europe s’est montrée plus ferme envers les Etats-Unis et déterminée à défendre la souveraineté de l’île arctique, territoire autonome et juridiquement rattaché au Royaume du Danemark.","Nicole Gnesotto*, historienne, spécialiste des questions européennes et de sécurité et vice-présidente de l'Institut Jacques Delors revient dans Géopolitis sur ce récent bras de fer, les importantes dissensions entre la première puissance militaire mondiale et les autres membres de l’Otan, mais aussi sur les atouts que l’Europe a en main pour s’émanciper. Extraits de l'entretien. Géopolitis: Les Etats-Unis sont-ils encore les alliés de l’Europe ? Nicole Gnesotto: Le problème d'un allié, c'est la confiance que vous mettez en lui. La difficulté aujourd'hui, c'est qu'une bonne partie des Européens continuent de penser qu'ils ne peuvent pas se défendre seuls contre la Russie; qu'il y a une menace russe et que donc il faut avaler toutes les couleuvres parce qu’en cas d'attaque russe, seule l'Amérique peut les défendre. Une autre partie des Européens sont de plus en plus sceptiques vis-à-vis de ce scénario. Si la Russie attaque, est-ce que l'Amérique va nous défendre? Rien n'est moins sûr, puisque Trump dit lui-même que Poutine est un type formidable et que ce sont les Ukrainiens qui ne veulent pas la paix. Donc, raison de plus pour les Européens d'essayer de construire les éléments de leur propre autonomie de défense. On a aujourd'hui cette division en Europe qui fait que, pour l'instant, tout le monde fait semblant de croire que l'Otan est indispensable. Une bonne partie, en revanche, se pose la question de savoir non pas si l'Otan est indispensable, mais si l'Amérique les défendra contre la Russie. Mais il y a une vraie dépendance de l’Europe envers les Etats-Unis. Pour veiller à sa souveraineté, ne faudrait-il par exemple plus acheter d’armes américaines car le système informatique est lié aux Etats-Unis ? Oui, c'est vrai. Maintenant tout le monde a découvert que les Américains avaient la main sur les F35 ! Mais les Européens ont des armes ou en tous les cas des arguments à faire valoir pour avoir l'autonomie: ils pourraient menacer de ne plus jamais acheter d'armes américaines. Or, l'industrie américaine d'armement dépend à plus de 50 % de ses ventes en Europe, c'est un argument de poids. Deuxièmement, ils pourraient se décider de remplacer ces F35 par des Rafale [avion de combat français]. On n'est pas sans cartes pour répondre au chantage américain. Mais l'Europe n'est pas prête ? Psychologiquement, vous avez raison. Mais techniquement, politiquement, économiquement, on a tout ce qu'il faut pour empêcher ce chantage américain. Nous pensons que seule l’Amérique peut nous sauver… Nous le pensons encore, mais ça ne va pas durer je pense. Les Etats-Unis n'ont jamais vu d'un bon œil l'Union européenne. Mais aujourd’hui leur objectif est-il clairement son implosion ? Tout à fait. C'est écrit en toutes lettres pratiquement dans la Stratégie nationale de sécurité, publiée en décembre par les Etats-Unis, et qui est donc un texte officiel de la stratégie américaine. Ils veulent détruire l'Union. Parce qu'à la différence des Européens qui n'ont pas confiance en eux-mêmes, les Américains savent très bien que l'Union européenne est le seul cadre possible pour éventuellement créer une puissance européenne. C'est le seul cadre possible pour transformer 27 pays en une puissance politique importante. Et ça, ils n'en veulent pas. Ce qu'ils veulent, c'est négocier bilatéralement avec 27 ""petits pays"", c'est casser la structure institutionnelle de l'Union européenne. C'est pour ça que Trump dit: ""Moi j'adore les Européens, mais je déteste l'Union européenne."" Quels sont les moyens de réponse de l'Europe ? On a aujourd’hui, en Europe comme aux Etats-Unis, un sentiment de défiance assez grand vis-à-vis de la démocratie traditionnelle de la part de nos classes moyennes qui ne s'enrichissent plus, ou pour lesquelles l'ascenseur social est bloqué. Il faut faire à nouveau aimer la démocratie par nos populations, leur montrer que c'est la seule façon de s'en sortir. *Auteure de Fractures dans l'Occident paru aux éditions Odile Jacob 2025","Les Etats-Unis ""veulent détruire l'Union européenne""","Monde: Les Etats-Unis ""veulent détruire l'Union européenne""","La volonté de Donald Trump d’acquérir le Groenland - assortie de chantage et de menaces - semble avoir été la goutte qui a fait déborder le vase: l’Europe s’est montrée plus ferme envers les Etats-Unis et déterminée à défendre la souveraineté de l’île arctique, territoire autonome et juridiquement rattaché au Royaume du Danemark.","['arme', 'Donald Trump', 'Europe', 'États-Unis', 'menace', 'Monde', 'Politique', 'Relations internationales', 'souveraineté', 'UE']",Info,fr,https://www.rts.ch/info/monde/2026/article/tensions-usa-ue-l-europe-peut-elle-s-emanciper-de-la-tutelle-americaine-29134266.html,Radio Télévision Suisse,2026-01-31 07:33:03,2026-02-11 21:39:07,['Propos recueillis par Laurent Huguenin-Elie'],['Adaptation web: Natalie Bougeard'],29134266,8,53,633,694
"A Niscemi, en Sicile, de multiples questions après un glissement de terrain impressionnant | RTS","Depuis une semaine, c'est la stupeur dans la petite ville sicilienne de Niscemi: après le grand glissement de terrain qui a balafré la région et emporté plusieurs routes et maisons, toute l'Italie se demande pourquoi personne n'a pu prévoir la catastrophe alors que le danger était connu.","La ville de Niscemi se trouve désormais au sens littéral au bord du gouffre. Après de fortes pluies, un tronçon de falaise d'environ quatre kilomètres de long s'est effondré à la périphérie de la ville. Plusieurs maisons, routes et véhicules ont été emportés, sans toutefois faire de blessés, et des dizaines d'autres se trouvent dangereusement perchés au bord du précipice. Par crainte d'un nouvel effondrement, une ""zone rouge"", interdite à tout passage et longue de près de 150 mètres, a ensuite été mise en place, entraînant l'évacuation de plus de 1500 habitants. Pourquoi le danger n'a-t-il pas été détecté? A Niscemi et dans toute l'Italie, l'heure est aujourd'hui au questionnement. Pourquoi le danger n'a-t-il pas été détecté plus tôt? Car la terre a déjà glissé près de la localité: il y a près de trente ans, en 1997, des maisons se sont effondrées lors d'un glissement de terrain au même endroit. Mais aucune mesure particulière n'a été prise. On a continué à vivre et à construire sur une colline composée de sable et d'argile friable. Un permis de construire régulier Une riveraine qui a dû quitter sa maison précipitamment a déclaré à la télévision italienne RAI qu'elle n'était au courant de rien. Sa maison dispose en effet d'un permis de construire régulier. ""Je ne l'aurais jamais construite là-bas si j'avais su le danger qui nous guettait."" La justice italienne veut maintenant déterminer qui a failli et quelles sont les négligences. Le parquet a ouvert une procédure contre X. La protection civile affirme que le terrain près de la ligne de rupture continue de bouger fortement. Le gouffre pourrait engloutir d'autres parties de la petite ville. C'est pourquoi il faut s'attendre à des évacuations supplémentaires. Jeudi, la Première ministre Giorgia Meloni s'est rendue à Niscemi pour se faire une idée. On se procurera les informations nécessaires, puis les moyens financiers nécessaires suivront, communiquent les autorités. Mais c'est justement sur ce point qu'il y a des craintes. Car après le glissement de terrain de 1997, des centaines de victimes ont dû attendre des décennies pour obtenir une indemnisation. Des zones de danger non répertoriées En Italie, il manque encore un répertoire exhaustif des zones de dangers. Les dégâts de Niscemi ne sont pas les seuls. Les fortes pluies de ces dernières semaines ont laissé une traînée de dévastation dans tout le pays, mais surtout dans le sud de l'Italie. La mer déchaînée a emporté des maisons entières, des routes, des lignes ferroviaires. Depuis les airs, on voit de profondes fissures qui traversent le paysage. L'Italie, en grande partie accidentée, est un pays fragile, explique le géologue Rodolfo Carosi: ""C'est un fait connu, mais il manque encore un répertoire exhaustif des zones de danger."" Actuellement, seule la moitié du territoire italien figure sur la carte des dangers géologiques. Pour la prévention et pour réparer les dégâts à Niscemi et ailleurs, il faudrait des milliards. L'opposition de gauche mais aussi le Parlement régional sicilien demandent de prélever l'argent du projet de pont devant relier la Sicile au continent. Le gouvernement italien veut en effet construire un gigantesque ouvrage suspendu de plus de trois kilomètres de long, mais le projet est bloqué en raison de divers problèmes. Beaucoup de Siciliens sont d'avis qu'avant de construire ce pont, il faut déjà sécuriser les maisons et les routes existantes.","A Niscemi, en Sicile, de multiples questions après un glissement de terrain impressionnant","Monde: A Niscemi, en Sicile, de multiples questions après un glissement de terrain impressionnant","Depuis une semaine, c'est la stupeur dans la petite ville sicilienne de Niscemi: après le grand glissement de terrain qui a balafré la région et emporté plusieurs routes et maisons, toute l'Italie se demande pourquoi personne n'a pu prévoir la catastrophe alors que le danger était connu.","['Catastrophe naturelle', 'danger', 'Désastres', 'Désastres et accidents', 'Dialogue', 'éboulement', 'Glissement de terrain', 'Italie', 'Monde', 'Niscemi', 'pont', 'Sicile']",Info,fr,https://www.rts.ch/info/monde/2026/article/glissement-de-terrain-en-sicile-niscemi-face-a-une-catastrophe-previsible-29134931.html,Radio Télévision Suisse,2026-01-31 14:23:21,2026-02-11 21:39:05,['Franco Battel (SRF) / ain'],[],29134931,15,47,552,614
"Simone de Montmollin: ""Nous avons déjà un dispositif consistant et cohérent"" pour la lutte climatique | RTS","La population suisse se prononcera le 8 mars sur la création d'un fonds climat. Simone de Montmollin, conseillère nationale PLR genevoise, qui incarne le non bourgeois à cette initiative, a estimé mardi dans La Matinale que le système actuel était suffisant pour lutter contre le réchauffement climatique.","""Nous ne sommes pas ici dans un débat pour ou contre la protection du climat"", a lancé d'emblée la conseillère nationale Simone de Montmollin, qui a assuré ne pas être opposée à la lutte contre la crise climatique. La libérale-radicale juge toutefois la méthode de l'initiative pour y parvenir problématique. ""Des mesures sont nécessaires et importantes. Mais nous avons déjà un dispositif légal consistant et cohérent en Suisse, qui a réuni des majorités non seulement au Parlement, mais aussi massivement au sein de la population. C'est sur ce dispositif que nous entendons mener une politique climatique responsable"", a argumenté l'élue genevoise. L'initiative pour un fonds climat soumise en votation le 8 mars demande que la Suisse investisse chaque année entre 0,5% et 1% de son produit intérieur brut dans la transformation écologique du pays. Le montant annuel, compris entre 3,9 et 7,7 milliards de francs, servirait à financer des mesures de protection du climat et de la nature. >> Lire à propos de l'initiative : Un fonds climat pour financer les énergies renouvelables et la biodiversité en Suisse? Le texte, lancé par le Parti socialiste et les Vert-e-s, est rejeté par l'ensemble des autres formations représentées au Parlement. Le premier sondage SSR indique une avance du camp du non (60%). ""Aucune garantie"" d'aller plus vite Chaque année en Suisse, quelque 2 milliards de francs sont dédiés au climat. Pour les partisans de l'initiative, ce montant est insuffisant. Les initiantes et initiants pointent en outre les coupes dans les politiques climatiques de la Confédération, alors que d'importants investissements publics sont nécessaires selon eux pour promouvoir les énergies renouvelables. D'après Simone de Montmollin, l'idée d'un fonds climat n'est pas nouvelle. ""Elle figurait déjà dans le paquet de la révision de la loi sur le CO2 en 2021, qui avait été refusée par le peuple, car ce fonds était essentiellement alimenté par des taxes."" Avec ce nouveau texte, ""il n'y a aucune garantie"" que les objectifs climatiques soient atteints plus rapidement avec davantage de moyens, ajoute la Genevoise, qui estime que ""cela dépend aussi de projets efficaces et de mesures ciblées"". ""C'est ne pas tenir compte d'autres priorités et contraintes auxquelles la Suisse fait face, notamment en matière politique financière et budgétaire"", a-t-elle poursuivi. >> Lire aussi l'interview de Lisa Mazzone pour le camp du oui : Lisa Mazzone: ""Un fonds climat permettrait de créer des emplois et de la valeur ajoutée"" Crainte d'un endettement massif Un fonds climat tel que le prévoit l'initiative ""endetterait la Suisse pendant des décennies"", selon Simone de Montmollin, raison pour laquelle les opposantes et opposants contestent ""la rigidité et l'ampleur de la mesure"" ainsi que ""la dette massive qu'elle va faire porter sur les générations futures"". Pour la conseillère nationale, le système suisse et le principe du frein à l'endettement permettent ""une gestion durable et saine des finances"". ""C'est aussi ça, protéger le climat. Si les générations futures croulent sous les dettes, elles seront limitées pour pouvoir agir"", a-t-elle argumenté. Selon l'élue, il faut également prendre en compte le ""coût de la mauvaise action"". ""Des subventions inefficaces, une dette et un financement extrêmement rigide ne représentent pas une politique responsable [...] Je ne pense pas qu'en s'endettant massivement pour une dizaine d'années, nous allons apporter une plus-value pour la lutte en faveur du climat"", a-t-elle insisté. Et la Genevoise de répéter que la Suisse dispose d'""outils flexibles et dynamiques qui permettent précisément d'agir là où on peut avoir un impact"".","Simone de Montmollin: ""Nous avons déjà un dispositif consistant et cohérent"" pour la lutte climatique","Suisse: Simone de Montmollin: ""Nous avons déjà un dispositif consistant et cohérent"" pour la lutte climatique","La population suisse se prononcera le 8 mars sur la création d'un fonds climat. Simone de Montmollin, conseillère nationale PLR genevoise, qui incarne le non bourgeois à cette initiative, a estimé mardi dans La Matinale que le système actuel était suffisant pour lutter contre le réchauffement climatique.","['Changement climatique', 'climat', 'Environnement', 'initiative', 'Lisa Mazzone', 'Politique', 'population', 'Simone de Montmollin', 'Suisse']",Info,fr,https://www.rts.ch/info/suisse/2026/article/fonds-climat-simone-de-montmollin-defend-le-dispositif-actuel-contre-l-initiative-29138340.html,Radio Télévision Suisse,2026-02-10 09:09:55,2026-02-11 21:39:06,['Propos recueillis par Pietro Bugnon'],['Article web: iar'],29138340,17,47,573,637
"Pourquoi février 2026 est un ""mois parfait""? | RTS","Le mois de février 2026 commence un dimanche et compte exactement 28 jours, une combinaison qui, sur les calendriers qui placent le dimanche en premier, aligne chaque jour de la semaine quatre fois, formant une grille parfaitement symétrique.","Un ""mois de février parfait"" se produit lorsque l'année est non bissextile et qu'elle débute un jeudi ou un vendredi. Le 1er février tombe alors un dimanche ou un lundi, ce qui crée une grille rectangulaire régulière avec exactement quatre semaines complètes avant de passer au mois suivant. Selon les conventions des calendriers, la semaine peut commencer soit le dimanche, comme c’est le cas dans plusieurs pays anglophones comme les Etats‑Unis ou l'Australie, soit le lundi, comme en Europe. Sur les calendriers qui placent le lundi en première position, un ""mois parfait"" a été observé en février 2015 et en février 2021. Le prochain aura lieu en 2027. A l’échelle de l’histoire, on compte un mois parfait tous les 6 ou 11 ans pour chaque calendrier, indique l'AFP.","Pourquoi février 2026 est un ""mois parfait""?","Société: Pourquoi février 2026 est un ""mois parfait""?","Le mois de février 2026 commence un dimanche et compte exactement 28 jours, une combinaison qui, sur les calendriers qui placent le dimanche en premier, aligne chaque jour de la semaine quatre fois, formant une grille parfaitement symétrique.","['AFP', 'Jour férié', 'Loisirs', 'Société', 'Vacances', 'Vie quotidienne et loisirs']",Info,fr,https://www.rts.ch/info/societe/2026/article/fevrier-2026-un-mois-parfait-avec-4-semaines-completes-au-calendrier-29139994.html,Radio Télévision Suisse,2026-02-04 15:42:29,2026-02-11 21:39:13,['hkr'],[],29139994,9,38,128,175
"Le cours du bitcoin s'effondre puis remonte, dans un marché agité | RTS","Le bitcoin est tombé dans la nuit de jeudi à vendredi à 60'000 dollars dans un contexte de défiance généralisée, avant de remonter. En à peine un mois, la reine des cryptomonnaies a perdu près de la moitié de sa valeur.","Le cours du bitcoin a glissé sous les 65'000 dollars lundi, affichant son plus bas niveau depuis avril 2025. Vers 10h45, le bitcoin avait repris des forces, à 67'481 dollars. Il a tout de même perdu presque 40% de sa valeur sur un mois et se situe loin des 125'000 dollars frôlés en octobre dernier. Cette baisse est due à un mouvement massif de liquidation forcée. Beaucoup d’investisseurs ont joué avec de l’argent emprunté, mais lorsque le prix décroche, comme cette nuit, les banquiers numériques vendent tout automatiquement pour se rembourser. C’est la ""spirale de la mort"": chaque vente entraîne la suivante. Des incertitudes Le déclencheur? Le grand flou sur l'économie américaine avec l'arrivée de Kevin Warsh à la tête de la Fed. Les investisseurs ayant peur d'un tour de vis monétaire, ils fuient le risque et délaissent la tech. Le bitcoin n'est plus une valeur refuge, il est devenu l'épicentre du séisme. Les experts craignent même une contagion. Pour couvrir leurs pertes sur le bitcoin, les gros fonds sont forcés de liquider ce qu'ils ont de plus précieux, à savoir l'or et l'argent. C'est pour cela que même ces valeurs refuges ont vacillé ces derniers jours. >> Relire : La correction se poursuit sur les cours du prix de l'or et de l'argent","Le cours du bitcoin s'effondre puis remonte, dans un marché agité","Economie: Le cours du bitcoin s'effondre puis remonte, dans un marché agité","Le bitcoin est tombé dans la nuit de jeudi à vendredi à 60'000 dollars dans un contexte de défiance généralisée, avant de remonter. En à peine un mois, la reine des cryptomonnaies a perdu près de la moitié de sa valeur.","['Bitcoin', 'Cours des devises', 'Cryptomonnaie', 'Donald Trump', 'Economie', 'Économie', 'Économie et finances', 'Kevin Warsh', 'Macro-économie', 'Réserve fédérale des États-Unis']",Info,fr,https://www.rts.ch/info/economie/2026/article/bitcoin-chute-a-60-000-dollars-puis-rebondit-le-marche-des-cryptomonnaies-agite-29142365.html,Radio Télévision Suisse,2026-02-07 19:33:03,2026-02-11 21:39:10,['Frédéric Mamaïs/lan avec ats'],[],29142365,13,41,214,268
"Les JO d'hiver 2026 officiellement lancés, revoir les meilleurs moments de la cérémonie d'ouverture | RTS","Si les premières compétitions ont commencé depuis mercredi, les 25e Jeux olympiques d'hiver de Milan/Cortina ont officiellement débuté vendredi soir avec une cérémonie d'ouverture inédite sur quatre sites différents, dont le mythique stade de foot San Siro.","La flamme olympique est arrivée jeudi à Milan, acclamée par des milliers de personnes. Et vendredi soir, c'est dans un temple du football que s'est joué le coup d'envoi des Jeux olympiques d'hiver. Mais cette cérémonie d'ouverture inédite s'est tenue simultanément sur trois autres sites: Cortina d'Ampezzo, Livigno et Predazzo, dans le Val di Fiemme. Par ailleurs, pour la première fois, elle a compris deux flammes olympiques, l'une à Milan et l'autre à Cortina, pour lier symboliquement ville et montagnes. ""Message de paix et d'harmonie"" La plupart des athlètes – dont l'un des deux porte-drapeau de la Suisse, le hockeyeur Nino Niederreiter – ont défilé à San Siro, cœur symbolique de la cérémonie. Le deuxième porte-drapeau helvétique, la skieuse Fanny Smith, était à Livigno. À San Siro comme ailleurs, la fête a été au rendez-vous. La direction artistique a été confiée à Marco Ballich, déjà à l'œuvre lors des cérémonies de Turin 2006 et Rio 2016. Sous la direction de ce metteur en scène renommé, un ""message de paix et d'harmonie des cultures"" a été porté durant plus de trois heures par plus de 1200 volontaires et de nombreux artistes. >> Lire aussi : ""La cérémonie d'ouverture à Milan sera moins clivante et moins coûteuse que celle de Paris"" La cérémonie a rendu notamment hommage à la mode et au design, en particulier à Giorgio Armani, décédé en septembre. De nombreuses stars internationales y ont participé, dont Mariah Carey, qui a chanté en italien, Lang Lang au piano, et Andrea Bocelli ou encore Laura Pausini qui ont représenté la musique italienne. Et comme le veut la tradition, ce n'est qu'en toute fin de soirée que l'on a appris qui seraient les derniers relayeurs de la flamme olympique: ce sont les anciens skieurs Alberto Tomba et Deborah Compagnoni qui ont porté la flamme et embrasé la vasque de Milan. A Cortina d'Ampezzo, c'est Sofia Goggia, skieuse encore en activité, qui a embrasé l'autre vasque, inspirée des nœuds de Léonard de Vinci. Stade comble Environ 75'000 spectateurs étaient présents au stade de Milan, où la Suisse a été représentée par le président de la Confédération Guy Parmelin. Ce dernier a serré la main de la première ministre Giorgia Meloni lors de la réception organisée par le président italien Sergio Mattarella. Guy Parmelin l'a annoncé sur X. ""Je déclare ouverts les Jeux de Milan Cortina 2026"", a déclaré Sergio Mattarella au terme de la cérémonie d'ouverture des Jeux, qui seront disputés sur 7 sites du nord de l'Italie jusqu'au 22 février.","Les JO d'hiver 2026 officiellement lancés, revoir les meilleurs moments de la cérémonie d'ouverture","Milan-Cortina 2026: Les JO d'hiver 2026 officiellement lancés, revoir les meilleurs moments de la cérémonie d'ouverture","Si les premières compétitions ont commencé depuis mercredi, les 25e Jeux olympiques d'hiver de Milan/Cortina ont officiellement débuté vendredi soir avec une cérémonie d'ouverture inédite sur quatre sites différents, dont le mythique stade de foot San Siro.","[""Cortina d'Ampezzo"", 'flamme olympique', 'Italie', 'Jeux olympiques', ""Jeux olympiques d'hiver de 2026"", 'Milan', 'Monde', 'Sport', 'stade San Siro', 'Suisse']",Info,fr,https://www.rts.ch/info/monde/2026/article/jo-milan-cortina-2026-ceremonie-d-ouverture-inedite-sur-4-sites-differents-29142442.html,Radio Télévision Suisse,2026-02-07 07:38:35,2026-02-11 21:39:12,['agences/jop'],[],29142442,16,37,418,471
"Derrière la maltraitance de son bétail, un agriculteur neuchâtelois à bout de forces | RTS",Un agriculteur neuchâtelois mis en cause dans un cas grave de maltraitance animale témoigne pour la première fois auprès de la RTS. L'homme en situation d'épuisement ne parvenait plus à s'occuper de son bétail. Ce niveau de détresse inquiète les milieux agricoles et pousse les autorités à renforcer la prévention.,"Depuis un an, l'image de carte postale de la vallée de La Brévine est ternie par deux affaires de maltraitance animale d'une ampleur rare dans le pays. L'épisode le plus récent s'est produit il y a trois semaines: le 15 janvier, les autorités vétérinaires neuchâteloises ont découvert un troupeau d'une septantaine de vaches laissé à l'abandon. Cinq bêtes, dont quatre veaux, ont été retrouvées mortes et dix autres ont dû être euthanasiées. ""Un engrenage"" Pour tenter d'expliquer ce qui s'est passé, l'agriculteur en question a accepté de témoigner de manière anonyme afin de protéger sa femme et ses enfants. ""C'est un engrenage, c'est plein de choses qui s'accumulent, explique-t-il dimanche dans le 19h30. A un moment donné, il y a trop: il y a des raisons familiales, professionnelles… Il y a plein de raisons, en fait."" L'homme reconnaît avoir négligé son bétail: ""Il était tenu, mais à moitié, pas comme il faut. A moitié, ça ne suffit pas. Dans certains secteurs, on peut se permettre d'être à 50%, mais dans l'agriculture, c'est impossible. Même ne serait-ce que 90%, ça ne suffit pas. Je pense que j'étais en dessous, puis ça a bugué."" L'agriculteur précise que ses bêtes disposaient d'eau et de fourrage. ""C'est juste que… c'est comme quand quelqu'un ne fait pas son ménage. Au bout d'un moment, cela se voit. La vaisselle s'empile: ça va très vite, en quelques jours ça peut être la catastrophe."" Du lait qui met la puce à l'oreille Le bilan aurait pu être plus lourd, car aucun signal évident n'était encore parvenu aux autorités. C'est la qualité du lait qui a servi de déclencheur. ""La valeur laitière était mauvaise. Là, nous nous sommes dit qu'il se passait quelque chose, d'autant qu'elle s'est dégradée très rapidement"", raconte Pierre-François Gobat, le chef du Service de la consommation et des affaires vétérinaires du canton de Neuchâtel. ""A partir du moment où il était clair que nous devions aller sur place jusqu'à ce que nous y soyons, il s'est passé moins de deux jours. Je suis convaincu que nous avons sauvé la vie de plusieurs dizaines d'animaux."" Les autorités sanitaires et vétérinaires assurent donc avoir réagi plus vite que d'ordinaire, tirant les leçons du premier cas de maltraitance animale survenu l'année dernière dans la même vallée, qui avait entraîné la mort de près de vingt bêtes. Un second cas qui interroge Agriculteur et député UDC au Grand Conseil, Loïc Frey est consterné qu'une telle affaire ait pu se produire une seconde fois. ""Pour moi, les bêtes n'auraient pas dû mourir avec tous les contrôles et les pressions que nous subissons."" L'élu dit ne pas comprendre comment une telle situation a pu échapper à la surveillance des autorités. Pour le Canton de Neuchâtel, c'est également l'épisode de trop. Il a annoncé un renforcement des contrôles, en intégrant les services sociaux pour mieux détecter les situations à risque. Conseiller d'Etat responsable de l'agriculture, Laurent Favre indique que les autorités ont recensé une trentaine d'exploitations susceptibles de se trouver en condition de fragilité sociale. ""Nous allons vérifier en février et mars que la situation en termes de protection des animaux est bonne"", précise-t-il. Etre attentif aux signes de détresse L'Etat lance aussi un appel à la collectivité: les communes et toutes celles et ceux qui gravitent autour du monde agricole peuvent remonter les éventuels signaux précurseurs. Paysan de La Brévine et président de la Chambre neuchâteloise d'agriculture, Stéphane Rosselet acquiesce. ""Nous avons peut-être manqué un signal, admet-il. J'ai été averti par la commune. C'étaient de petits signaux, par exemple le tas de fumier qui débordait un peu. J'ai pris contact avec l'agriculteur, qui m'a dit qu'il allait remettre cela en ordre. Je pense que, dans ces cas de détresse, on fait semblant que tout va bien."" ""Un jour, je reprendrai des bêtes"" Désormais privé de bétail, le paysan en question va devoir faire face à la justice neuchâteloise, car l'affaire sera dénoncée au Ministère public. Cela étant, il veut se relever et fait l'objet d'un suivi. ""J'espère retrouver une vie normale, tout simplement"", déclare-t-il, avant de conclure: ""Une vie d'agriculteur, si possible avec des bêtes.""","Derrière la maltraitance de son bétail, un agriculteur neuchâtelois à bout de forces","Neuchâtel: Derrière la maltraitance de son bétail, un agriculteur neuchâtelois à bout de forces",Un agriculteur neuchâtelois mis en cause dans un cas grave de maltraitance animale témoigne pour la première fois auprès de la RTS. L'homme en situation d'épuisement ne parvenait plus à s'occuper de son bétail. Ce niveau de détresse inquiète les milieux agricoles et pousse les autorités à renforcer la prévention.,"['agriculteur', 'agriculture', 'Agriculture', 'animal', 'Animaux', 'bétail', 'Canton de Neuchâtel', 'Environnement', 'Économie et finances', 'maltraitance', 'Nature', 'Neuchâtel']",Info,fr,https://www.rts.ch/info/regions/neuchatel/2026/article/maltraitance-animale-a-la-brevine-un-agriculteur-epuise-temoigne-29144178.html,Radio Télévision Suisse,2026-02-09 08:31:29,2026-02-11 21:39:08,['Gabriel de Weck/ami'],[],29144178,15,50,684,749
"L'hiver meurtrier de 1951, un électrochoc politique et scientifique pour la lutte contre les avalanches | RTS","Avec près de 100 morts en une seule saison, les avalanches de l'hiver 1950-1951 furent les plus meurtrières du XXᵉ siècle. Cet épisode catastrophique de l'histoire suisse est le point de départ de la protection contre les avalanches telle qu'on la connaît aujourd'hui.","En 1951, une configuration météo rarissime - qui ne se produit que tous les 50 à 100 ans - s'installe en Suisse: en quelques jours seulement, en janvier sur le versant nord des Alpes et en février sur le versant sud, des quantités gigantesques de neige tombent. On mesure entre deux et quatre mètres de neige fraîche, soit quatre à six fois les quantités mensuelles moyennes de janvier et février. Destructions massives dans de nombreuses régions de montagne À la suite de ces précipitations, des pans entiers de masse neigeuse se détachent en de nombreux endroits. Certaines avalanches descendent jusque dans les vallées et détruisent quelque 1500 bâtiments au total. Durant cet ""hiver des avalanches"", 98 personnes trouvent la mort et plus de 200 animaux de rente sont ensevelis. Les localités les plus touchées sont Vals (GR), Andermatt (UR) et Airolo (TI). ""L'hiver 1951 est sans doute, de loin, l'événement avalancheux le plus important du XXᵉ siècle"", affirme l'expert Stefan Margreth, de l'Institut pour l'étude de la neige et des avalanches (SLF) à Davos, dans l'émission 10 vor 10 de SRF. Le centre interdisciplinaire de recherche, qui appartient au domaine des Ecoles polytechniques fédérales, consacre un dossier complet à cet épisode fondateur de la lutte contre les avalanches en Suisse. Vague de solidarité et conséquences politiques Le terrible hiver 1951 marque l'opinion bien au-delà des vallées alpines, à la faveur du traitement médiatique consacré par la radio, la presse quotidienne et hebdomadaire ainsi que le Ciné-Journal suisse, l'ancêtre du Téléjournal. Les images des bâtiments détruits et des populations désespérées partagées par ces médias touchent l'ensemble du pays. Une vague de solidarité déferle sur la Suisse. Des collectes de dons sont organisées à l'échelle nationale. Rapidement, le monde politique est forcé de réagir. Hasard du calendrier, la Confédération venait tout juste de décider de réduire ses contributions à la protection contre les avalanches. Le Parlement revient sur cette décision l'année même de la catastrophe. ""L'hiver avalancheux de 1951 a été un électrochoc. L'ampleur des destructions a montré que la protection contre les avalanches était insuffisante et qu'il fallait investir davantage"", explique aujourd'hui Stefan Margreth. Pour éviter que de tels drames ne se reproduisent, des innovations sont aussi nécessaires. Investissements, recherche et innovations Il ne fallait pas seulement plus d'ouvrages de protection, mais aussi de meilleures solutions. Avant 1951, on construisait surtout des murs en pierres sèches sur les pentes raides. S'ils offraient une protection lors d'enneigements normaux, ils se sont révélés insuffisants face à des conditions extrêmes: rapidement ensevelis par la neige, ils ne pouvaient plus empêcher les départs d'avalanches en cas de fortes chutes continues. Les chercheurs de Davos ont alors étudié d'autres constructions. Les claies paravalanches se sont révélées particulièrement efficaces. Cette structure, aujourd'hui la plus répandue, ressemble à une grande palissade en bois de trois à cinq mètres de haut; les espaces entre les lattes empêchent l'ouvrage d'être complètement recouvert par la neige. Une tâche permanente Depuis le début des années 1950, environ deux milliards de francs ont été investis dans des ouvrages de protection. Ce travail a permis à la Suisse d'éviter des catastrophes. Ainsi, estiment les experts, c'est grâce à ces améliorations que les avalanches ont causé nettement moins de victimes et de destructions en 1999 - un hiver marqué par des conditions météo comparables à celles de 1951. Mais la protection contre les avalanches reste un travail de longue haleine. De nombreuses installations vieillissent et doivent être rénovées. D'autres doivent être renforcées, car le changement climatique pourrait accentuer les chutes de neige extrêmes en altitude. L'expert Stefan Margreth met donc en garde contre les économies: ""Ces ouvrages sont essentiels pour que des gens puissent encore vivre dans les villages situés dans des vallées alpines escarpées."" Sur Play Suisse, retrouvez le documentaire "" Les cicatrices du passé : les avalanches de 1951 "" consacré à cette épisode tragique de l'histoire suisse.","L'hiver meurtrier de 1951, un électrochoc politique et scientifique pour la lutte contre les avalanches","Suisse: L'hiver meurtrier de 1951, un électrochoc politique et scientifique pour la lutte contre les avalanches","Avec près de 100 morts en une seule saison, les avalanches de l'hiver 1950-1951 furent les plus meurtrières du XXᵉ siècle. Cet épisode catastrophique de l'histoire suisse est le point de départ de la protection contre les avalanches telle qu'on la connaît aujourd'hui.","['Catastrophe naturelle', 'décès', 'démolition', 'Désastres', 'Désastres et accidents', 'Dialogue', 'expert', 'épisode', 'histoire', 'meurtrier', 'neige', 'politique', 'protection', 'recherche scientifique', 'scientifique', 'Suisse']",Info,fr,https://www.rts.ch/info/suisse/2026/article/l-hiver-1951-quand-les-avalanches-ont-change-la-protection-en-suisse-29144921.html,Radio Télévision Suisse,2026-02-11 17:29:41,2026-02-11 21:39:07,"['Curdin Vincenz, SRF']",['Adaptation pour RTSinfo: Didier Kottelat'],29144921,17,43,645,705
Donald Trump s'en prend à nouveau à la Suisse pour justifier sa politique commerciale | RTS,"Donald Trump a pris l'exemple de la Suisse pour illustrer la logique qui sous-tend sa politique douanière. La prospérité de pays comme la Suisse repose sur le fait que les Etats-Unis ""les laissent nous exploiter"", a déclaré le président américain à Fox Business.","Quand on pense à la Suisse, on pense à un pays ""ultra parfait"", a déclaré Donald Trump dans une interview diffusée mardi soir (heure locale) aux Etats-Unis. ""Mais ce n'est le cas que parce que les Etats-Unis lui permettent de gagner beaucoup d'argent"", a précisé le locataire de la Maison Blanche qui a encore dit qu'il pourrait citer 40 autres pays où c'est également le cas. Au cours de l'entretien, Donald Trump a une nouvelle fois évoqué le déficit commercial de 40 milliards de dollars avec la Suisse. Il est également revenu sur la conversation téléphonique qu'il a eue l'été dernier avec la présidente de la Confédération de l'époque, Karin Keller-Sutter. Il pensait alors avoir parlé à une personne occupant le poste de ""Premier ministre"", a déclaré le président américain. >> A lire : Les dessous de la discussion houleuse entre Karin Keller-Sutter et Donald Trump dévoilés Comme il l'avait déjà fait lors de son discours au Forum économique mondial de Davos (GR) en janvier, le dirigeant républicain a souligné à quel point Karin Keller-Sutter avait été répétitive. Elle avait insisté à plusieurs reprises sur le fait que la Suisse était un petit pays. ""Je n'arrivais pas à la faire raccrocher"", a déclaré Donald Trump. Il avait alors augmenté les droits de douane américains sur les produits helvétiques à 39 %. Ne pas nuire à la population À l'automne, de nouvelles négociations ont permis de détendre la situation. Une visite controversée de représentants économiques suisses, qui ont apporté des cadeaux coûteux au président américain, a notamment conduit à une réduction des droits de douane à 15%. >> A lire : Les patrons suisses qui ont rencontré Donald Trump lui auraient fait des propositions et des cadeaux Au Forum économique mondial, le président américain a déclaré avoir réduit les droits de douane parce qu'il ne voulait pas nuire à la population suisse. Il avait aussi souligné à Davos que sans les Etats-Unis, la Suisse ne gagnerait ""rien du tout"". Une affirmation à nouveau formulée mardi soir sur la chaîne de télévision américaine. >> A lire : ""Sans les Etats-Unis, la Suisse ne serait plus la Suisse"", affirme Donald Trump qui justifie les droits de douane À la demande de l'agence de presse Keystone-ATS, le Département fédéral des finances, dirigé par Karin Keller-Sutter, a déclaré qu'il partait du principe que la population suisse saurait interpréter correctement le discours de Donald Trump. Investissements suisses aux Etats-Unis Pour le président américain, sa politique douanière semble porter ses fruits. Depuis lors, de nombreuses entreprises qui ne voulaient pas payer les droits de douane ont délocalisé leur production aux Etats-Unis, a-t-il assuré. Les groupes pharmaceutiques suisses Roche et Novartis, par exemple, souhaitent investir des milliards dans de nouvelles usines sur le sol américain. Ces investissements font partie de l'accord douanier conclu avec Washington en novembre, qui prévoit également 200 milliards de dollars d'investissements de la part d'entreprises helvétiques aux Etats-Unis. En contrepartie, les droits de douane punitifs américains sur de nombreux produits devraient être réduits de 39% à 15%. >> A lire : Le Conseil fédéral approuve les bases de l'accord douanier avec les Etats-Unis",Donald Trump s'en prend à nouveau à la Suisse pour justifier sa politique commerciale,Monde: Donald Trump s'en prend à nouveau à la Suisse pour justifier sa politique commerciale,"Donald Trump a pris l'exemple de la Suisse pour illustrer la logique qui sous-tend sa politique douanière. La prospérité de pays comme la Suisse repose sur le fait que les Etats-Unis ""les laissent nous exploiter"", a déclaré le président américain à Fox Business.","[""Chef de l'Etat"", 'Commerce international', 'Donald Trump', 'droit de douane', 'entreprise', 'Économie', 'Économie et finances', 'États-Unis', 'Gouvernement', 'Guerre commerciale', 'interview', 'investissement', 'Karin Keller-Sutter', 'Monde', 'politique', 'Politique', 'population', 'président des États-Unis', 'Relations internationales', 'Suisse']",Info,fr,https://www.rts.ch/info/monde/2026/article/donald-trump-s-en-prend-a-nouveau-a-la-suisse-pour-justifier-sa-politique-commerciale-29147062.html,Radio Télévision Suisse,2026-02-11 08:49:08,2026-02-11 21:39:07,['ats/jtr'],[],29147062,16,43,519,578
L'UE veut interdire toute destruction d'invendus textiles d'ici 2030 | RTS,"La Commission européenne a décidé lundi d'interdire aux entreprises textiles de détruire leurs invendus de vêtements et chaussures, sauf exceptions. Elle espère ainsi les pousser à revoir leur modèle d'affaires. Mais certains défenseurs de l'environnement se montrent sceptiques.","Cette interdiction s'appliquera dès le mois de juillet 2026 pour les grands groupes, et dès l'été 2030 pour les entreprises de taille moyenne. Selon l'UE, elle contribuera ""à réduire les déchets, à limiter les atteintes à l'environnement et à garantir des conditions de concurrence équitables pour les entreprises"", et permettra au secteur textile ""d'accélérer sa transition vers des pratiques plus circulaires"" afin d'en réduire les effets néfastes sur l'environnement. Ces effets ont été mesurés: chaque année en Europe, entre 4 et 9% des textiles invendus sont détruits avant même d'avoir été portés, selon l'Agence européenne pour l'environnement. Cela représente jusqu'à 600'000 tonnes de textiles détruits par année, qui génèrent 5,6 millions de tonnes de CO2, soit l'équivalent de cinq millions et demi de trajets Paris-New York en avion. Réponse aux ""préoccupations croissantes"" des consommateurs Des exceptions seront autorisées dans des cas spécifiques, comme les risques pour la sécurité des consommateurs, ou lorsqu'il s'agit de produits endommagés. Mais les producteurs devront indiquer quelle quantité de vêtements et de chaussures ils détruisent. La Commission veut aussi une plus grande transparence au niveau de la production. A partir du mois de février de l'année prochaine, chaque société devra divulguer les volumes qu'elles émettent. Dans cette optique, les nouvelles mesures introduisent un format harmonisé permettant de déclarer, de la manière la plus simple possible et sans charge administrative supplémentaire, les volumes d'invendus éliminés. ""Cette initiative répond aux préoccupations croissantes des consommateurs concernant les déchets textiles, en raison des impacts environnementaux et sociaux de la fast fashion "", justifie enfin l'UE , qui espère ainsi inciter les entreprises à revoir en profondeur leurs modèles d'affaires. Transfert de responsabilité Mais Mathilde Pousseo, déléguée générale du collectif Ethique sur l'Etiquette, craint que les groupes textiles ne déversent simplement leurs excédents sur le secteur caritatif. Or, ""il y a une très grave crise du textile en Europe"", prévient-elle. Par conséquent, les organisations caritatives n'en peuvent plus, indique-t-elle: elles n'ont plus la capacité de trier et les habits récupérés sont de si mauvaise qualité qu'il est impossible de les vendre assez cher pour faire tenir un modèle économique. ""Donc je ne crois pas une seconde à la régulation 'naturelle', et j'ai très peur que les organismes caritatifs continuent d'être complètement noyés sous les invendus"", poursuit-elle. ""Ça transfère également la responsabilité de la destruction sur les organisations caritatives.""",L'UE veut interdire toute destruction d'invendus textiles d'ici 2030,Monde: L'UE veut interdire toute destruction d'invendus textiles d'ici 2030,"La Commission européenne a décidé lundi d'interdire aux entreprises textiles de détruire leurs invendus de vêtements et chaussures, sauf exceptions. Elle espère ainsi les pousser à revoir leur modèle d'affaires. Mais certains défenseurs de l'environnement se montrent sceptiques.","['Changement climatique', 'chaussure', 'Commission européenne', 'consommateur', 'démolition', 'Distribution', 'Economie', 'entreprise', 'Environnement', 'environnement', 'Économie et finances', 'Habillement', ""modèle d'entreprise"", 'Monde', 'textile', 'UE', 'vêtement']",Info,fr,https://www.rts.ch/info/monde/2026/article/l-ue-veut-interdire-toute-destruction-d-invendus-textiles-d-ici-2030-29147162.html,Radio Télévision Suisse,2026-02-11 08:58:39,2026-02-11 21:39:15,['Sujet radio: Katja Schaer'],['Texte web: jop'],29147162,11,38,388,437
"Décidément intenable, ""FranJO"" von Allmen s'offre une 3e médaille d'or, en super-G! Marco Odermatt en bronze | RTS","Exceptionnel Franjo von Allmen! Le Bernois a cueilli sa 3e médaille d'or en 3 courses aux Jeux olympiques de Milan/Cortina. Il a remporté le super-G avec 0""13 d'avance sur l'Américain Ryan Cochran-Siegle. Marco Odermatt s'est lui paré de bronze, avec 0""28 de retard. Von Allmen est devenu le 4e skieur à remporter 3 médailles d’or lors d'une même édition, après Toni Sailer, Jean-Claude Killy et Janica Kostelic.","Impérial dans la descente olympique samedi et parfaitement secondé par Tanguy Nef lundi en combiné, Franjo von Allmen a une nouvelle fois maîtrisé son sujet sur la Stelvio. Parti avec le dossard 7, il a signé le meilleur temps avec 0''13 d'avance sur le futur médaillé d'argent américain Ryan Cochran-Siegle. Dixième à s'élancer, Marco Odermatt a pour sa part manqué le coche. Battu pour 0''28, le Nidwaldien ne cachait pas sa déception dans l'aire d'arrivée. Mais il doit pour l'heure se contenter d'une deuxième médaille, après l'argent du combiné conquis avec Loïc Meillard. Il n'a plus que le géant samedi pour se parer d'or. Les deux autres Suisses ont manqué leur affaire. Cités parmi les sérieux outsiders, Stefan Rogentin (9e) et Alexis Monney (10e) ont terminé à plus d'une demi-seconde du podium. Déçus, le Grison comme le Fribourgeois quitteront donc Bormio sans la moindre médaille dans leurs bagages. Moisson historique Von Allmen (24 ans) a, lui, réussi une moisson historique. Le Bernois est le 3e skieur alpin - le 4e si l'on ajoute la Croate Janica Kostelic - à s'adjuger 3 titres au cours des mêmes Jeux olympiques après Toni Sailer (en 1956 à Cortina) et Jean-Claude Killy (en 1968 à Grenoble). L'Autrichien et le Français avaient toutefois moins d'épreuves à ""disposition"" dans le programme olympique. ""FvA"" est aussi, et de manière plus étonnante, le premier Suisse à s'adjuger le titre olympique en super-G chez les messieurs (et seulement le 4e Suisse à décrocher un podium). Il rejoint par ailleurs Vreni Schneider, qui était jusqu'ici la seule représentante de Swiss-Ski (messieurs et dames confondus) à avoir remporté 3 titres olympiques en ski alpin. >> A lire aussi : ""C'est tellement brutal. Les mots me manquent"", lâche Franjo von Allmen","Décidément intenable, ""FranJO"" von Allmen s'offre une 3e médaille d'or, en super-G! Marco Odermatt en bronze","Milan-Cortina 2026 - Ski alpin: Décidément intenable, ""FranJO"" von Allmen s'offre une 3e médaille d'or, en super-G! Marco Odermatt en bronze","Exceptionnel Franjo von Allmen! Le Bernois a cueilli sa 3e médaille d'or en 3 courses aux Jeux olympiques de Milan/Cortina. Il a remporté le super-G avec 0""13 d'avance sur l'Américain Ryan Cochran-Siegle. Marco Odermatt s'est lui paré de bronze, avec 0""28 de retard. Von Allmen est devenu le 4e skieur à remporter 3 médailles d’or lors d'une même édition, après Toni Sailer, Jean-Claude Killy et Janica Kostelic.","['Course', 'Etats-Unis', 'Franjo von Allmen', 'Janica Kostelić', 'Jean-Claude Killy', ""Jeux olympiques d'hiver de 2026"", 'Jeux olympiques messieurs - Super-G - Course', 'Marco Odermatt', ""médaille d'or"", 'Milan Cortina 2026', 'Ryan Cochran-Siegle', 'Ski', 'ski alpin', 'Sport', 'Suisse', 'Super G', 'Toni Sailer']",Sport,fr,https://www.rts.ch/sport/ski/2026/article/franjo-von-allmen-triple-d-or-historique-aux-jo-odermatt-en-bronze-29147304.html,Radio Télévision Suisse,2026-02-11 21:43:05,2026-02-11 21:39:12,['ats/tai'],[],29147304,18,67,289,374
Le résumé de la journée olympique des Suisses | RTS,,"SKI ALPIN Franjo von Allmen a écrit une page d'histoire des Jeux d'hiver en s'adjugeant mercredi le super-G. Le Bernois de 24 ans est le troisième homme après Toni Sailer et Jean-Claude Killy à remporter trois titres olympiques dans une même édition en ski alpin. Troisième, le Nidwaldien Marco Odermatt n'a plus que le géant pour décrocher un or dans ces JO 2026. SNOWBOARD Seule Suissesse engagée en snowboard halfpipe, Isabelle Lötscher n’a pas passé l’écueil de la qualification. Elle n’a pu faire mieux qu’une 16e place mercredi dans le snowpark de Livigno, avec 48,50 points. La star américaine Chloe Kim a remporté cette manche qualificative avec 90,25 points. BIATHLON Lea Meier a réalisé une très belle course lors du 15 km féminin en biathlon. La Grisonne a pris une 7e place (+1'37 avec une faute sur le pas de tir) et ainsi décroché un diplôme olympique. En revanche, les autres Suissesses ont terminé plus loin. Aita Gasparin a pris le 35e rang (+3'42 avec deux pénalités), Amy Baserga le 39e (+3""54 avec trois fautes) et Lena Häcki-Gross le 42e (+4""05 avec trois pénalités). La victoire est revenue à la Française Julia Simon devant sa compatriote Lou Jeanmonnot et la surprenante bulgare Lora Hristova. Snowboard Les Suisses n'ont pas réussi à passer la phase de qualification en snowboard halfpipe. Alors que seuls les douze premiers pouvaient se qualifier, Jonas Hasler a pris la 16e place (67,75 points), David Hablützel la 17e (64,25) et Mischa Zürcher la 22e (13,25). A noter enfin que le médaillé de bronze à Pékin en 2022, Jan Scherrer, n'a pas pu défendre ses chances. Le Saint-Gallois a en effet chuté à l'entraînement et souffre d'une légère commotion cérébrale.",Le résumé de la journée olympique des Suisses,Milan-Cortina 2026 - Mercredi 11 février: Le résumé de la journée olympique des Suisses,Suivez l’actualité des Jeux Olympiques sur RTS Sport,"['Aita Gasparin', 'Alexis Monney', 'Amy Baserga', 'biathlon', 'Biathlon', 'compétition de qualification', 'David Habluetzel', 'Franjo von Allmen', 'Jan Scherrer', 'Jeux olympiques', 'Jeux Olympiques', ""Jeux olympiques d'hiver de 2026"", 'Jeux olympiques d’hiver', 'Jonas Hasler', 'Julia Simon', 'Lea Meier', 'Lena Häcki', 'Marco Odermatt', 'Milan Cortina 2026', 'RTS Sport', 'Ski', 'ski alpin', 'Ski alpin', 'Snowboard', 'snowboard', 'Snowboard - Halfpipe', 'snowboard > halfpipe hommes', 'Sport', 'sport', 'Stefan Rogentin', 'Suisse', 'Suisses', 'Super G', 'Swiss-Ski', 'victoire']",Sport,fr,https://www.rts.ch/sport/jo/milan_cortina-2026/2026/article/franjo-von-allmen-triple-champion-olympique-historique-en-ski-alpin-29147331.html,Radio Télévision Suisse,2026-02-11 22:10:58,2026-02-11 21:39:11,['RTSsport avec ats'],[],29147331,10,0,282,292
Le Conseil fédéral veut une loi urgente pour les victimes de Crans-Montana | RTS,Le Conseil fédéral veut apporter rapidement une aide aux victimes de Crans-Montana. Il a chargé mercredi le Département fédéral de justice et police (DFJP) d'élaborer une loi en ce sens d'ici à la fin du mois. Il demande au Parlement de la déclarer urgente.,"Le soutien de la Confédération, qui n'est pas encore chiffré, complétera les aides cantonales et des assurances. Le système actuel est limité en cas d'événements extraordinaires faisant beaucoup de victimes. Le patrimoine des responsables et leur couverture de responsabilité civile ne suffisent souvent pas à couvrir les besoins des victimes et les procédures judiciaires sont longues. Une inégalité de traitement avec les victimes qui ne sont pas assurées en Suisse est aussi à craindre. Accords à l'amiable Le Conseil fédéral veut également organiser des tables rondes en présence des victimes, de leurs proches, des assureurs et des autorités. Le but est de trouver des accords à l'amiable qui pourraient éviter de longues procédures judiciaires, indique-t-il. Le DFJP doit étudier comment intégrer ces tables rondes dans la loi. Il doit également établir comment la Confédération peut accorder des indemnités aux cantons. Ces derniers doivent débloquer d'importants fonds pour venir en aide aux victimes. L'Etat du Valais a réalisé au début du mois les premiers versements de l'aide d'urgence de 10'000 francs pour chaque personne hospitalisée ou famille touchée. Le canton prend aussi en charge les frais funéraires et de rapatriement de toutes les personnes décédées. >> A lire aussi : Le Valais verse 10'000 francs aux familles touchées par l'incendie de Crans-Montana Les victimes et leurs proches peuvent aussi bénéficier de prestations d'aide supplémentaire, comme le prévoit la loi fédérale sur l'aide aux victimes d'infractions. L'incendie qui s'est déclaré dans la nuit du Nouvel An dans un bar de Crans-Montana a fait 41 morts et 115 blessés.",Le Conseil fédéral veut une loi urgente pour les victimes de Crans-Montana,Suisse: Le Conseil fédéral veut une loi urgente pour les victimes de Crans-Montana,Le Conseil fédéral veut apporter rapidement une aide aux victimes de Crans-Montana. Il a chargé mercredi le Département fédéral de justice et police (DFJP) d'élaborer une loi en ce sens d'ici à la fin du mois. Il demande au Parlement de la déclarer urgente.,"['Canton du valais', 'Conseil fédéral suisse', 'Crans-Montana', 'Criminalité, droit et justice', 'Département fédéral de justice et police', 'Désastres et accidents', 'district de Sierre', 'Politique', 'Suisse', 'victime']",Info,fr,https://www.rts.ch/info/suisse/2026/article/le-conseil-federal-veut-une-loi-urgente-pour-les-victimes-de-crans-montana-29147656.html,Radio Télévision Suisse,2026-02-11 21:17:43,2026-02-11 21:39:09,['ats/fp'],[],29147656,14,44,256,314
Le Conseil fédéral lance la prochaine réforme de l'assurance invalidité | RTS,"La prochaine réforme de l'assurance invalidité (AI) est sur les rails. Cette ""réforme d’intégration"" vise à favoriser le maintien, l’insertion ou la réintégration des assurés sur le marché du travail. Une augmentation des cotisations salariales est envisageable.","Le nombre de personnes percevant une rente d’invalidité a augmenté ces dernières années, indique mercredi le Conseil fédéral. Son projet prévoit d'une part des mesures destinées à tous les assurés afin qu'ils puissent, dans la mesure du possible, rester sur le marché du travail ou le réintégrer rapidement. D'autre part, la hausse des nouvelles rentes étant particulièrement marquée chez les 18 à 24 ans, la réforme visera à soutenir et accompagner davantage les jeunes adultes. La nouvelle prestation d'intégration est destinée à ces jeunes disposant d’un potentiel d’intégration et dont l’état de santé ne permet pas encore de participer à des mesures d’insertion professionnelle. >> Lire aussi : ""Quand on est parent, on n'a jamais pour projet de se dire: mon enfant va se mettre à l'AI à 18 ans, c'est super!"" et Hausse inquiétante des rentes AI chez les jeunes Suisses de moins de 25 ans Parallèlement, la réforme prévoit des mesures destinées à stabiliser et assainir les finances de l’AI. Toutes les mesures possibles devront être prises pour éviter de recourir à un financement supplémentaire. Si cela ne devait pas suffire, une augmentation des cotisations salariales entre 0,1 et 0,2 point de pourcentage est envisagée. >> Lire aussi : Les assurances sociales suisses ont enregistré des bénéfices en 2024",Le Conseil fédéral lance la prochaine réforme de l'assurance invalidité,Suisse: Le Conseil fédéral lance la prochaine réforme de l'assurance invalidité,"La prochaine réforme de l'assurance invalidité (AI) est sur les rails. Cette ""réforme d’intégration"" vise à favoriser le maintien, l’insertion ou la réintégration des assurés sur le marché du travail. Une augmentation des cotisations salariales est envisageable.","['Assurance-invalidité', 'Assurances', 'augmentation', 'Conseil fédéral suisse', 'Économie et finances', 'financial service', 'marché du travail', 'Politique', 'Politique du gouvernement', 'réforme', 'Santé', 'Social', 'Société', 'Suisse']",Info,fr,https://www.rts.ch/info/suisse/2026/article/reforme-de-l-ai-integration-des-jeunes-et-stabilisation-financiere-29147820.html,Radio Télévision Suisse,2026-02-11 21:17:06,2026-02-11 21:39:14,['ats/ther'],[],29147820,12,37,211,260
"Exploité dans un chalet de luxe à Gstaad, un domestique philippin menacé de renvoi | RTS","Un travailleur philippin, employé durant plusieurs années comme domestique dans le sous-sol d’un chalet de luxe à Gstaad, pourrait être renvoyé de Suisse après une décision du Tribunal fédéral, révélée mercredi par le média en ligne Republik. L’homme, qui affirme avoir travaillé dans des conditions abusives, a perdu à la fois son emploi et son permis de séjour.","Le cauchemar de Jonathan Manilo* commence en 2011, lorsqu'il rejoint sa sœur en Suisse. Elle est déjà employée comme domestique chez un riche homme d’affaires saoudien à Gstaad. Dans le récit livré à Republik en 2023, le Philippin décrit des conditions de travail extrêmement dures, une obligation de disponibilité permanente, jour et nuit, le tout pour un salaire de près de 300 francs par mois. La sœur dénonce aussi des abus sexuels. Les deux employés vivaient au sous-sol du chalet. La situation dure cinq ans, jusqu’au moment où Jonathan Manilo réclame le salaire qu’il estime lui être dû. Il est alors licencié immédiatement, perdant à la fois son logement et son droit de séjour. Pratique jugée illégale, mais pas d'amélioration pour le Philippin Son permis de travail était en effet exceptionnel et lié à un seul employeur. Il ne pouvait donc ni changer de travail, ni démissionner sans perdre son autorisation de séjour. Or, le Tribunal fédéral a jugé que cette pratique était contraire au droit fédéral. Selon lui, une personne au bénéfice d’un permis de séjour pour travailler doit en principe pouvoir changer d’employeur. Mais cette illégalité ne suffit pas à justifier la prolongation de son permis. Les juges estiment que son intégration est insuffisante au regard de la durée de son séjour, notamment sur le plan social et linguistique. Ils considèrent aussi que les critères juridiques de la traite d’êtres humains ne sont pas remplis. Selon eux, il n’a pas été établi que le Philippin était juridiquement contraint de rester dans cette relation de travail. Des adaptations juridiques pour l'avenir Contacté, le Secrétariat d’Etat aux migrations indique que ce type de permis exceptionnel était encore délivré jusqu’à récemment. Le SEM estimait jusqu’ici agir dans l’intérêt public, notamment pour protéger le marché du travail suisse. Mais depuis l’arrêt du Tribunal fédéral dans le cas de Jonathan Manilo, la pratique a été modifiée. Les titulaires d’un permis de séjour à des fins lucratives peuvent désormais changer d’emploi sans autorisation supplémentaire. Interrogée pour Forum, Leila Boussemacer, juriste au Centre social protestant, estime que la protection est aujourd'hui insuffisante. ""On a peu d’échappatoires, peu de choix pour pouvoir quitter un emploi et en choisir un autre, avec des conditions plus adéquates. Comment voulez-vous vous intégrer, créer du lien social et apprendre la langue dans ces contextes-là? Alors qu’on leur reproche ça, je trouve que c’est très cynique"", dénonce-t-elle mercredi. Selon elle, le cas de Jonathan Manilo ""n’est absolument pas isolé"". ""La traite des êtres humains et l’exploitation du travail sont difficiles à détecter, difficiles à identifier et à poursuivre de facto"", souligne-t-elle. Aujourd’hui, dans l’attente de son renvoi, Jonathan Manilo se trouve toujours en Suisse. * nom d’emprunt du Philippin","Exploité dans un chalet de luxe à Gstaad, un domestique philippin menacé de renvoi","Suisse: Exploité dans un chalet de luxe à Gstaad, un domestique philippin menacé de renvoi","Un travailleur philippin, employé durant plusieurs années comme domestique dans le sous-sol d’un chalet de luxe à Gstaad, pourrait être renvoyé de Suisse après une décision du Tribunal fédéral, révélée mercredi par le média en ligne Republik. L’homme, qui affirme avoir travaillé dans des conditions abusives, a perdu à la fois son emploi et son permis de séjour.","['Arrondissement administratif du Haut-Simmental et Gessenay', 'Criminalité', 'Criminalité, droit et justice', 'emploi', 'Gstaad', 'permis', 'Philippines', 'Saanen', 'Social', 'Suisse', 'Tribunal fédéral']",Info,fr,https://www.rts.ch/info/suisse/2026/article/domestique-exploite-a-gstaad-la-suisse-ordonne-son-renvoi-malgre-l-abus-29148256.html,Radio Télévision Suisse,2026-02-11 21:50:31,2026-02-11 21:39:10,['Camille Lanci / juma'],[],29148256,16,58,448,522
"L'Ukraine n'organisera des élections qu'après ""un cessez-le-feu"" | RTS","Volodymyr Zelensky a indiqué mercredi que l'Ukraine n'organisera des élections qu'après ""un cessez-le-feu"" et l'obtention de ""garanties de sécurité"", en réaction à un article du Financial Times qui assurait que l'Ukraine pourrait, sous pression américaine, organiser un scrutin présidentiel et un référendum sur un plan de paix d'ici à la mi-mai.","Depuis le déclenchement de l'invasion russe de l'Ukraine en 2022, le Kremlin et, plus récemment, la Maison Blanche ont affirmé que Kiev devait organiser des élections dans le cadre d'un accord de paix. Selon le journal britannique, l'administration Trump ferait pression pour qu'un scrutin se tienne avant le 15 mai, sous peine de perdre les garanties de sécurité offertes par les États-Unis. Mais de nombreux obstacles s'opposent à l'organisation d'un vote en temps de guerre. Cessez-le-feu indispensable Le président Volodymyr Zelensky a ainsi déclaré mercredi que l'Ukraine n'organiserait des élections qu'après un cessez-le-feu avec Moscou et l'obtention de ""garanties de sécurité"". ""C'est très facile à faire: instaurer un cessez-le-feu et il y aura des élections"", a-t-il ajouté. Volodymyr Zelensky a également démenti mercredi que Washington ait menacé de ne pas fournir de garanties de sécurité si l'Ukraine n'organisait pas d'élections, contrairement à ce que le Financial Times indiquait. Loi martiale et combats Le mandat de Volodymyr Zelensky aurait dû se terminer en 2024, mais l'Ukraine a instauré la loi martiale lorsque les forces russes ont franchi sa frontière en février 2022, un régime qui interdit toute élection. Et les combats qui font rage sur le front ainsi que les bombardements meurtriers russes qui visent quotidiennement l'ensemble de son territoire semblent interdire toute organisation d'un vote. Le pays n'ayant pas de vote électronique ou par correspondance, il paraît difficile d'organiser la participation à un scrutin des millions d'Ukrainiens qui ont fui à l'étranger ou vivent sous occupation russe, ainsi que des centaines de milliers de militaires déployés dans les zones de combat. Seuls 10% des Ukrainiens soutiennent un scrutin avant un cessez-le-feu, selon un sondage réalisé fin 2025 par l'Institut international de sociologie de Kiev (KIIS). Ancien comédien de 48 ans, Volodymyr Zelensky a vu sa popularité s'effriter après des niveaux de soutien inédits au début de l'invasion en 2022 mais celle-ci reste très élevée. Fin 2025, 59% des Ukrainiens déclaraient lui faire confiance, d'après le sondage du KIIS.","L'Ukraine n'organisera des élections qu'après ""un cessez-le-feu""","Monde: L'Ukraine n'organisera des élections qu'après ""un cessez-le-feu""","Volodymyr Zelensky a indiqué mercredi que l'Ukraine n'organisera des élections qu'après ""un cessez-le-feu"" et l'obtention de ""garanties de sécurité"", en réaction à un article du Financial Times qui assurait que l'Ukraine pourrait, sous pression américaine, organiser un scrutin présidentiel et un référendum sur un plan de paix d'ici à la mi-mai.","['accord (pacte/convention)', 'cessez-le-feu', 'Conflit, guerre et paix', 'élection', 'Élections', 'Élections nationales', 'guerre', 'Guerre en Ukraine', 'Monde', 'organisation', 'paix', 'Politique', 'Référendum', 'référendum', 'sécurité', 'Ukraine', 'Ukrainiens', 'Volodymyr Zelenskyy', 'vote']",Info,fr,https://www.rts.ch/info/monde/2026/article/zelensky-pas-d-elections-en-ukraine-sans-cessez-le-feu-et-garanties-de-securite-29148270.html,Radio Télévision Suisse,2026-02-11 22:35:40,2026-02-11 21:39:08,['cab avec les agences'],[],29148270,9,51,328,388
"La star de ""Dawson"" James Van Der Beek est décédé à l'âge de 48 ans | RTS","L'acteur américain James Van Der Beek, héros de la série phare de la fin des années 1990 et du début des années 2000 ""Dawson"", est mort mercredi à l'âge de 48 ans, a-t-il été annoncé sur son compte Instagram.","""Notre cher James David Van Der Beek s'est éteint paisiblement ce matin. Il a affronté ses derniers jours avec courage, foi et dignité"", est-il écrit dans ce message. En 2024, il avait annoncé être atteint d'un cancer colorectal. James Van Der Beek était marié et père de six enfants.","La star de ""Dawson"" James Van Der Beek est décédé à l'âge de 48 ans","Cinéma: La star de ""Dawson"" James Van Der Beek est décédé à l'âge de 48 ans","L'acteur américain James Van Der Beek, héros de la série phare de la fin des années 1990 et du début des années 2000 ""Dawson"", est mort mercredi à l'âge de 48 ans, a-t-il été annoncé sur son compte Instagram.","['acteur', 'Arts, culture, divertissement et médias', 'Célébrités', 'Cinéma', 'comté de Terrell', 'Dawson', 'État de Géorgie', 'États-Unis', 'Fin de vie et mort', 'Instagram', 'James Van Der Beek', 'publication', 'Société', 'Valeurs']",Culture,fr,https://www.rts.ch/info/culture/cinema/2026/article/james-van-der-beek-star-de-dawson-est-decede-a-48-ans-29148433.html,Radio Télévision Suisse,2026-02-11 21:29:36,2026-02-11 21:39:09,['afp/ther'],[],29148433,17,39,49,105
